N,avg,std
108,0.2072268,0.0019916770220093434
256,4.644921600000001,0.02909173420475303
500,15.8648438,0.1189156613392867
