N,avg,std
108,0.28492940000000005,0.00304592420128932
256,2.9044596,0.02434633328942984
500,8.6329306,0.05284255748769171
