N,avg,std
108,0.782275,0.007279410305787123
256,4.160157,0.015250683079783554
500,13.681124599999999,0.05490685148358089
